step,loss,crop_size,lr,elapsed_sec
100,2.646483,256,1.00e-05,20.4
200,0.699699,256,2.00e-05,39.8
300,0.316833,256,3.00e-05,59.5
