{
  "pixel_accuracy": 0.7878539657592774,
  "miou": 0.43165645991807317,
  "per_class_iou": {
    "background": 0.7115205722474142,
    "skin": 0.7367082402511628,
    "nose": 0.8000222343165104,
    "l_eye": 0.6201274151072946,
    "r_eye": 0.615330782041742,
    "l_brow": 0.08148740262166111,
    "r_brow": 0.25013733317651293,
    "l_ear": 0.0,
    "r_ear": 0.18260801203034194,
    "mouth": 0.0,
    "u_lip": 0.4356050433477252,
    "l_lip": 0.6471959819096456,
    "hair": 0.5872992624285825,
    "neck": 0.3751481593744301
  },
  "n_eval_images": 200,
  "model": "seg_dpo_v2/dpo_epoch_0050.pt"
}